{"current_value": 1363.8079687220975, "Guest": "password", "AAPL": 1.33237644443804, "TSLA": 1.4009526478005043, "META": 0.744421491448458, "NVDA": 0.40696727983070163}